{"config":{"0":"ultrabigbrain k=1","1":"ultrabigbrain k=10","2":"ultrabigbrain k=50","3":"big brain","4":"brain","5":"ultraduperbigbrain basic","6":"ultraduperbigbrain obfd","7":"ultraduperbigbrain basic","8":"ultraduperbigbrain ffd"},"avg_loss":{"0":5.2091381838,"1":5.2030404044,"2":5.1857416455,"3":2.7495653158,"4":2.7787370678,"5":5.62004278,"6":5.6000359604,"7":5.6306876045,"8":5.6092423247},"throughput":{"0":633.2230539976,"1":633.2875503634,"2":633.0972971816,"3":344.2465004817,"4":344.130712226,"5":155.4993945232,"6":154.5647693349,"7":154.3440431953,"8":154.1948036731},"total_samples":{"0":305498,"1":305498,"2":305498,"3":305498,"4":305498,"5":154880,"6":154888,"7":154880,"8":154888},"avg_batch_size":{"0":63.9920402178,"1":63.9920402178,"2":63.9920402178,"3":63.9920402178,"4":63.9920402178,"5":64.0,"6":63.9768690624,"7":64.0,"8":63.9768690624},"avg_seq_len":{"0":324.5269559866,"1":324.5269559866,"2":324.5269559866,"3":640.0,"4":640.0,"5":639.0,"6":639.0,"7":639.0,"8":639.0},"batch_time_min":{"0":0.021911619,"1":0.021415375,"2":0.021850459,"3":0.085037897,"4":0.085790332,"5":null,"6":0.208875665,"7":0.408686987,"8":0.176222522},"batch_time_max":{"0":0.201309811,"1":0.207838449,"2":0.201898705,"3":0.193471642,"4":0.200119109,"5":null,"6":4.279452627,"7":4.306136003,"8":3.850917317},"batch_time_mean":{"0":0.1011212051,"1":0.1011109066,"2":0.1011412916,"3":0.1860070567,"4":0.1860696418,"5":null,"6":0.4144297896,"7":0.4151727271,"8":0.4154241473},"batch_time_median":{"0":0.094524112,"1":0.094678484,"2":0.094805317,"3":0.186008782,"4":0.186064252,"5":null,"6":0.411835151,"7":0.412681632,"8":0.4129604225}}